model,condition,queries,map@10,recall@10,hit_rate@5,hit_rate@10
epoch15,clean,2306,0.4430979313443278,0.604350412248611,0.6660884648742411,0.7311361665221162
epoch15,lighting,2306,0.4061354064167506,0.5684944054344353,0.6218560277536861,0.7012142237640937
epoch15,rotation,2306,0.3811187273928234,0.5445729005780693,0.5949696444058976,0.6751951431049437
epoch15,crop,2306,0.4056165404390531,0.5708847480019114,0.6209887250650477,0.7025151777970512
epoch15,blur,2306,0.3956669037873092,0.5625979117368728,0.6092801387684302,0.6938421509106678
epoch15,perspective,2306,0.4261682046457399,0.5844000586175565,0.6470078057241977,0.7168256721595837
aug_epoch5,clean,2306,0.4511023224739127,0.6149826731230982,0.6682567215958369,0.7428447528187337
aug_epoch5,lighting,2306,0.4214426983531519,0.5822431246165508,0.6379011274934953,0.7120555073720729
aug_epoch5,rotation,2306,0.399354682768035,0.5657138640741667,0.6170858629661752,0.696877710320902
aug_epoch5,crop,2306,0.4194775105643105,0.5839945444360033,0.6387684301821336,0.7172593235039029
aug_epoch5,blur,2306,0.4116188628610674,0.577989693403586,0.6292281006071119,0.7124891587163921
aug_epoch5,perspective,2306,0.432527044481986,0.5904369434863689,0.6526452732003469,0.722896790980052
